pH,Temperature,Soil Moisture(%),Humidity(%),Sunlight(lux),HasWeed,IsHealthy,88
8.739650239,25.90549766,39.23404248,57.89404021,29735.05322,0,0,
8.506956566,28.97848447,91.37849038,55.45887942,31377.54966,1,0,
4.734372472,24.1054444,47.05891021,61.44063593,34193.00866,1,0,
8.197178111,23.59033937,45.45769029,42.50221425,33459.60059,0,0,
8.904706248,28.65473251,90.29043229,40.46628255,43557.20666,0,0,
4.987196711,23.44754857,90.48049231,58.21336867,49307.58626,0,0,
8.16330275,26.00713699,93.39315483,40.0424703,43455.52653,0,0,
4.757580782,28.53312456,97.13874463,57.04316954,25574.8498,1,0,
5.614643448,25.26325972,49.26454469,60.62766882,37048.85242,1,0,
6.000019872,28.61043229,69.750847,40.93488778,38610.84856,1,0,
4.807964244,24.78515183,70.79168428,64.10770547,43790.32222,1,0,
7.074905471,30.40357299,90.23901398,48.89152872,40303.56329,1,0,
5.710048035,28.12317572,84.99126853,49.79724942,48656.43371,1,0,
7.214513718,28.29399805,63.78706617,40.71909792,37021.8673,0,0,
6.8535366,29.51789895,81.12304352,42.21826955,31480.27117,0,1,
8.008214823,23.59575234,52.5088889,48.57138767,36426.44596,1,0,
7.55976757,29.63090299,75.58881335,55.81184529,49891.94952,1,0,
4.607744721,29.39405647,75.19358385,65.67606627,27876.16025,1,0,
6.756551228,30.08549654,96.3239937,69.4670863,45647.73255,0,0,
4.765414817,28.10279928,84.08035285,60.60949414,38162.50638,0,0,
5.993341031,25.8919324,97.85816152,56.72526108,36093.53968,0,1,
8.042319072,30.56604817,57.83069514,44.82401719,28896.24931,0,0,
7.89379112,30.48215025,50.04459722,63.9677574,46092.61049,0,0,
5.297581558,28.27433347,70.08599777,69.78392409,32840.48458,1,0,
6.923474913,24.08566624,38.35934079,54.66794892,40996.61844,1,0,
4.826007453,26.29859114,80.28722996,68.40528801,36529.84139,0,0,
5.154395975,30.87049102,54.5554035,56.16137735,42952.93683,1,0,
6.120788663,26.46346906,94.02222787,66.86818215,34073.3248,0,0,
5.54359204,27.69334732,77.87021116,53.26680959,32484.78053,1,0,
8.726504841,29.76854539,82.89146688,58.8113604,46604.08753,0,0,
6.370366363,26.50508018,61.74594409,53.47391547,48540.75892,1,0,
5.067394462,26.95366441,98.0500786,55.80603117,27483.28484,0,0,
6.2790606,24.78964794,50.33479261,44.11466861,35586.9066,0,1,
5.547672405,28.31836177,48.82902484,52.6052072,32881.46512,1,0,
8.005380866,27.47864017,44.93845556,53.16189452,34444.50225,1,0,
8.084888025,24.83058674,86.0529035,49.23666145,44383.61144,0,0,
6.591798128,26.34543556,39.70324693,41.16367568,42935.40721,1,0,
7.547060379,28.83690195,74.82097455,47.38808993,44039.03722,1,0,
5.7427499,25.78701658,93.44834975,40.54085173,41836.37622,1,0,
8.90523719,24.32157536,97.19422693,60.635045,36963.17429,0,0,
5.167257666,29.18047488,59.84075242,58.71423924,46675.7827,1,0,
6.312438765,23.28875548,71.26799272,42.85478666,44075.87769,1,0,
4.161792085,28.1640649,53.7159044,44.41556318,38619.84461,0,0,
8.169756693,30.90737831,91.30807303,67.9366151,40307.36689,0,0,
7.476026405,29.41641878,91.84200938,47.42672103,49989.94511,0,0,
7.04759729,25.64313724,53.95041577,53.80677262,46987.10633,0,0,
5.796489071,26.43815249,66.23985809,49.59324306,44191.75456,1,0,
4.920861432,27.58488536,80.79500823,44.07215502,39481.2589,1,0,
6.127039413,25.72979901,83.40946991,66.76413265,39018.5828,0,0,
8.913652026,28.91597701,78.86286733,63.34148683,44318.20326,0,0,
5.311945,24.97994851,90.27044027,50.82801784,43457.0617,1,0,
6.039408069,24.77102038,75.16447295,66.37736204,40750.07215,0,0,
6.19505055,23.51150091,65.88903687,62.82922073,31445.16671,0,0,
8.947066815,23.55653401,71.4683905,42.86329826,30591.37072,1,0,
7.049597686,28.26392228,84.77711055,43.42819218,33404.77264,1,0,
8.697031737,28.80860392,58.97398824,58.64940522,27293.25565,1,0,
4.858563617,23.47617321,75.1900202,56.9123306,44913.75223,1,0,
6.431572095,29.25158403,98.01028253,65.26477129,46557.12601,0,0,
5.548577398,28.09451348,53.55675688,44.21482331,41252.58052,0,1,
7.048114013,26.12545114,55.21433558,48.24043242,41572.40845,0,0,
7.113228923,26.19449932,58.95599263,41.95678327,25739.5756,0,0,
4.971998919,26.39085761,75.48229954,52.33587947,45499.80853,1,0,
6.310537207,28.61832099,97.61838111,41.70166405,33392.38474,0,1,
6.146870521,25.9417479,54.2202017,55.03714068,34834.94584,1,0,
6.749373352,26.41416159,72.35999917,56.48997933,25750.33639,1,0,
4.109990615,24.40181509,63.42645075,51.83265593,48506.95028,1,0,
7.322068662,27.59769221,70.1072076,69.4905744,25138.7023,0,0,
5.338332671,30.84535687,54.79948648,49.36630466,31107.66298,0,0,
5.284859044,24.67923718,81.93867304,62.43912849,46261.93363,1,0,
6.24193684,28.5646993,53.25738004,49.39271469,27487.03583,0,0,
6.173611995,28.70841278,84.32891177,50.95417422,45406.73733,1,0,
5.39712849,29.86972169,85.96020461,42.94741816,45762.18861,1,0,
5.274804167,28.80715558,96.60684674,43.69690675,37568.20109,0,1,
6.732674769,25.25580937,81.10000838,46.05160292,42082.60216,1,0,
5.822898407,30.96003183,81.97141681,48.75741836,44317.97345,0,0,
5.436348539,30.63644835,91.11742246,41.43753684,43147.19735,0,0,
6.218827059,30.57997204,90.64898457,53.93999617,40751.62967,0,0,
4.661129766,30.40322083,74.92593772,50.62279849,29733.6216,1,0,
4.816639605,25.28869603,61.75739021,51.31941584,44630.04419,0,0,
7.592061148,27.52945135,40.82459092,56.90192333,31892.62416,0,0,
8.064977078,29.25845112,61.69253778,63.53367911,49030.26243,0,0,
7.008457826,30.15261539,42.01774876,54.90298272,32022.4532,1,0,
6.05925243,27.3886066,78.61918791,47.54616199,34188.83304,0,1,
6.103928669,26.25868446,39.21338348,57.23358457,41921.2483,1,0,
6.96427205,26.46729528,89.40821011,40.61682793,26516.91219,1,0,
8.72631573,27.49881908,44.57727844,45.80971616,45601.87505,1,0,
8.073827593,28.48713775,96.18405093,40.32801759,32029.14996,0,0,
6.21817043,27.6337926,80.17304999,46.5787325,32290.93365,0,1,
5.220319432,29.15917552,43.79591324,48.51423818,32599.98924,0,1,
6.260473407,25.04030011,65.08185211,57.52639454,46104.97248,1,0,
7.589391896,30.05824754,42.72495009,51.70735394,27232.93413,1,0,
4.783615224,25.62329682,88.73759744,68.38646242,28165.77209,0,0,
6.83244313,27.47244148,49.28625877,61.45159076,44852.24332,0,0,
5.939511479,27.89896879,80.56811401,63.49878729,49080.72607,1,0,
4.838539567,23.73432797,51.43763472,66.7207294,31228.48433,1,0,
5.75568531,30.46624553,59.6681625,42.01564641,26428.96815,1,0,
7.165055874,28.67646323,96.44566193,53.54411208,26608.34368,1,0,
5.294117007,26.93670096,66.78007124,61.06532669,46212.19495,0,0,
5.76438121,23.86454754,94.37471399,63.1521356,28654.33438,1,0,
7.570721054,28.87955067,84.85797747,55.08948063,34890.06185,1,0,
8.80695342,25.36231831,99.27072876,41.17391003,31691.90182,1,0,
7.199918503,28.46502888,96.88338248,64.95869138,36105.50588,1,0,
6.053976328,28.25492478,70.08919393,46.18329662,42463.2618,0,1,
5.730016874,27.01876845,87.42542107,69.26270212,32766.25554,0,0,
4.633233663,27.546754,55.70727587,60.29586852,45402.84791,1,0,
6.327518399,29.4816042,58.17950028,63.82574947,35472.51868,1,0,
4.83446739,28.073153,45.28863364,47.81407776,27681.26213,1,0,
8.181109279,23.6533168,66.86810431,43.18937363,36171.38963,0,0,
8.877829932,24.19314056,68.36725599,63.62940589,37092.68248,0,0,
7.23662045,26.13057462,89.76873196,56.3077453,25270.49994,0,0,
4.053432104,27.35358192,93.95549904,42.77710157,30804.07105,1,0,
6.519338129,29.49943201,92.4260295,51.02827387,29746.40246,0,0,
6.043347364,25.15099082,59.3996882,45.29972176,39717.81531,0,1,
7.262864199,25.51531605,94.59527467,56.41171886,31332.91774,0,0,
6.225925957,27.02964088,71.64361337,53.64859408,33338.13181,1,0,
8.981491235,26.22590824,82.83287835,44.51648219,46175.85737,0,0,
6.862479363,24.62333138,67.07755347,67.27388617,25292.87948,1,0,
7.037376329,24.56502395,65.50604591,47.65617553,32098.29582,1,0,
7.324111582,28.7519516,74.9589399,48.57887473,47528.86447,1,0,
5.978356247,26.75726885,59.64093295,55.34277847,33088.72067,1,0,
6.744281706,24.47384408,45.25973637,58.0634874,37525.44392,1,0,
4.605186481,28.46241387,43.01153162,50.8897178,34739.40332,1,0,
4.536116284,30.48459933,39.84795136,40.22311883,44474.20511,1,0,
6.848444088,24.96361273,65.0020371,62.62497081,29314.82818,0,0,
4.091112755,29.75570807,68.33250891,60.63379165,25338.68703,0,0,
7.855560889,29.52361261,99.29577362,46.27952866,48495.05315,1,0,
8.814196752,28.4054366,97.7848624,62.90669327,37806.42383,1,0,
7.320152554,26.77378221,64.71585861,40.12148293,27684.1306,1,0,
5.864899693,27.63702028,93.1811381,64.52702888,26195.5723,0,0,
6.004409636,27.08672058,51.4177001,46.66869266,49626.43295,1,0,
7.243786733,23.58601545,46.17081867,65.43046607,28885.72687,0,0,
7.968730468,23.48774459,75.35639715,57.95550002,33017.76677,1,0,
4.079136237,26.25803788,87.0642755,42.07524437,37003.75907,1,0,
6.113938954,23.31224379,57.36802927,51.86028822,29617.83658,0,0,
8.564384712,26.59374152,50.76601843,61.56491272,29393.20669,1,0,
6.996720065,24.77231956,48.36954542,40.55118009,42512.40804,0,1,
4.883121874,23.34526651,52.88378732,62.33083257,46752.82588,1,0,
4.347044455,26.99027685,48.60953752,58.20462137,36335.66602,1,0,
8.762066149,26.30990948,66.67012798,59.19785134,31646.24007,1,0,
8.433268281,30.46021051,89.4334884,42.39974199,28046.70757,0,0,
7.766475241,26.03364077,87.07728276,47.45098343,41847.32328,0,0,
5.155326821,30.47317891,80.6917303,68.10833824,40898.98612,1,0,
5.708898825,29.79371313,52.03521939,69.37738102,30618.49069,0,0,
4.574541836,27.10675755,48.64651445,55.2602038,34332.0956,0,0,
5.707987134,24.01463163,51.52532277,59.71339478,32315.68733,1,0,
8.963040453,27.36448257,77.23424584,56.41507644,42408.95095,1,0,
8.317693473,25.45536042,71.91009545,43.72133052,42626.30656,0,0,
7.244306232,23.73664842,88.08365657,65.98818314,42923.11107,1,0,
8.510282761,29.35525139,52.2114451,45.50860746,31224.12364,1,0,
7.033072835,24.85499021,74.3772018,42.24082384,45561.0373,1,0,
7.917551402,25.15307119,62.45662049,57.29995022,35457.25017,0,0,
7.169111527,30.23428093,88.67951865,58.72061191,42893.7605,0,0,
5.128187412,28.67883412,42.70838396,46.33127731,46005.66173,1,0,
4.851559127,23.11005363,63.61704722,55.30557025,27516.06065,0,0,
5.26579282,30.88484082,55.92352871,67.00111249,35411.00147,0,0,
4.108798551,25.65521568,59.68310847,50.10689342,49227.21656,0,0,
6.691598542,26.10966084,44.78894107,46.86420186,47058.04884,0,1,
7.850900758,23.42041093,54.28380659,48.29555826,43892.13071,1,0,
8.108037018,29.60608413,85.55327781,44.24031363,38714.14365,0,0,
5.92420416,29.48227451,43.53749586,59.85202526,44122.16974,0,1,
6.422224058,30.07446477,98.40423662,48.43210778,32803.15819,0,0,
6.440085898,26.70438258,92.80021618,66.02855995,44729.883,1,0,
7.438064437,25.95886055,54.03434412,55.31181588,49273.8189,0,0,
7.721600748,26.26581053,49.52707395,57.37634518,31969.11613,1,0,
6.051011381,28.24899245,80.6918153,62.66517825,42831.56087,1,0,
6.919457073,25.96810264,82.36430334,64.9130401,27316.71576,1,0,
6.594933329,29.58676154,95.0799827,44.37750036,37995.22606,0,1,
8.593951588,30.12971808,88.6404904,67.67198406,25551.79524,0,0,
4.272239932,29.78860141,45.24064679,56.72343887,29653.26309,1,0,
5.044740547,28.76957614,80.13408646,47.60077682,45720.59805,1,0,
8.07425458,27.00309317,72.5056116,50.71201354,26110.3999,1,0,
8.968790144,23.43208939,83.96910708,54.43430934,34457.46391,1,0,
7.38057553,30.86195074,56.43094549,57.00708248,33123.57838,1,0,
8.998031192,28.44824311,54.65683838,43.40006976,31398.05689,0,0,
7.466038755,27.93840405,65.47083976,53.70785651,47863.03218,0,0,
6.056007746,30.15424286,65.17086725,58.70975604,45805.7266,1,0,
8.344965148,24.18014981,79.38394414,65.45377452,40905.1964,1,0,
7.367518782,29.01760918,37.21842531,68.92297201,26668.93712,1,0,
5.411923879,23.76697083,97.65203059,49.70653249,27752.9578,0,0,
7.118409918,27.34619813,95.54921619,61.40514672,28455.72197,0,0,
4.87915908,30.90112278,74.74775734,44.50027137,40228.18486,1,0,
7.339035607,24.0700637,92.15069049,64.17221773,29501.62662,1,0,
8.701239332,26.33549462,95.22562945,55.05440353,41241.92786,0,0,
8.389962881,25.97965044,38.05376814,45.13067454,41881.33175,1,0,
5.62225274,28.50620072,48.18853788,48.04327794,27065.88516,0,0,
4.068654943,29.63014979,68.27855037,57.30730002,44381.97151,0,0,
5.307601683,25.42672341,76.21138131,61.63995621,34751.69151,0,0,
4.957178521,26.55563704,46.98756191,66.76769905,31105.97516,0,0,
8.975698306,28.54682038,68.33843092,49.13014881,30535.83442,1,0,
7.886627228,28.42088517,38.48797782,67.20487856,41752.21846,0,0,
7.020571023,27.48343249,57.07514956,51.40691527,49742.24487,0,0,
4.435373146,30.903745,35.82035441,52.9206048,49900.74962,0,0,
5.890689809,26.03124609,56.49729066,54.62490038,49216.60453,1,0,
8.932751509,24.79801276,67.31152673,44.5409767,34467.36294,1,0,
5.343099946,28.06037412,43.75578064,43.97222029,45620.44739,1,0,
7.753507466,27.40244772,53.46688184,60.12268715,39912.56241,1,0,
5.344378431,27.09998634,85.81292368,51.5681116,32365.39511,0,1,
6.898567977,29.32799189,65.43705693,59.35807822,32512.11106,0,1,
6.087138912,26.8343169,91.94928872,57.36506468,35123.48586,0,1,
8.786923255,23.60490122,76.86407536,53.97902677,32953.15126,1,0,
5.317380512,27.02145501,56.61895867,52.69873316,27903.65675,1,0,
6.554586085,29.40351056,76.45105733,58.42912554,29481.70207,1,0,
6.425707214,30.80300456,91.79010774,48.15900657,25975.30177,0,0,
6.796237906,29.74327444,83.59040509,63.41966201,38557.10818,1,0,
8.183648433,25.20962899,83.82164822,47.74034021,48132.11971,0,0,
4.63733376,30.32438118,95.81704602,48.5783497,40399.32587,0,0,
8.922918725,26.82991128,84.39575687,64.99273223,45493.09404,0,0,
8.394883322,30.88334688,90.8806377,47.68626256,30615.4662,1,0,
8.231558681,24.29147471,80.42770107,68.82571455,27665.17018,1,0,
4.996593169,26.5072139,82.84472037,62.84150857,25688.30503,1,0,
7.397779035,25.1935356,65.62135115,62.70887357,36275.67401,1,0,
8.573057434,27.80731992,73.06310619,54.57268637,43864.98159,1,0,
5.027286899,24.3593333,97.94895451,52.98765984,44634.77197,1,0,
4.952880054,24.43832188,51.7802885,41.11246244,47638.90337,0,0,
8.760066883,26.78150472,87.53248483,51.8175609,40346.40782,1,0,
4.811034981,29.38284705,62.31727283,57.98099161,45608.62421,0,0,
5.591383195,26.13503096,96.61876877,64.37835678,45550.74066,0,0,
8.513078941,28.57527966,40.27828699,67.45434983,29492.77636,1,0,
7.524547756,29.51231849,55.55306408,59.2108456,37633.70743,0,0,
5.643285443,27.84664617,70.17451564,66.07862238,40829.04537,0,0,
8.369494528,24.35493772,42.78430158,40.63100417,34626.52526,1,0,
7.561875236,27.28619356,74.33931231,59.91891163,42240.2297,1,0,
5.076878646,30.5772428,83.4180594,62.01425331,35455.24661,1,0,
6.580129597,29.4317048,86.31668493,42.19684462,34012.29908,1,0,
7.974172151,26.30001252,90.5197013,56.71565522,32576.33039,0,0,
5.114772968,28.72082225,55.77974068,43.88813605,33781.97526,1,0,
7.255727788,30.40880306,58.45120708,61.38177244,36475.60451,1,0,
6.354777184,24.1759548,37.86559593,64.0744476,33146.17136,0,0,
6.786557152,28.97789026,84.80569101,55.39918179,32915.62678,1,0,
4.841684143,26.06942702,87.23118523,46.0646291,42306.06977,1,0,
8.634906435,25.67095863,60.68298084,57.50284865,31331.32982,0,0,
5.628316527,24.22325976,46.26049574,56.96718847,35486.8094,0,1,
4.871046859,29.04070316,56.77727434,53.35379652,46598.07445,0,0,
4.21068697,25.38997222,47.13979504,49.94789391,47599.55048,1,0,
6.672612252,27.16736766,40.72511446,46.38487831,26987.52406,0,0,
4.267560848,25.35609125,54.65710613,65.59416049,44642.69258,1,0,
8.995212344,28.80343091,84.74577378,45.37173577,43326.80672,0,0,
6.556803092,26.24712581,71.87368268,64.93172479,38198.12408,0,0,
6.974365581,30.99483686,62.01914179,45.13035889,36149.20339,1,0,
5.917920323,23.86902496,42.44042388,41.48863298,41612.67379,0,1,
4.173675786,30.62531672,70.78249348,60.67361397,33001.10032,0,0,
6.69922182,23.64889026,57.59062348,52.96982126,26293.23479,1,0,
6.533786671,24.91313948,65.8913937,63.48928096,45090.97398,0,0,
4.096483077,24.17618594,75.92158204,60.72681796,35198.62287,1,0,
8.840831108,23.5911249,58.70362318,49.87229947,45163.14746,1,0,
6.281827082,26.27398958,64.38145481,41.02240331,42760.41506,1,0,
8.588779377,30.67053978,97.5107746,41.04323132,29292.89009,1,0,
7.427884151,25.21644941,83.41408759,43.65248563,49353.18783,0,0,
5.601685261,27.23594298,54.87872259,61.78655266,32364.76282,1,0,
6.48001743,30.89435419,86.04349985,46.23003009,49037.52345,0,0,
4.042377149,30.13723633,84.54706256,61.80588453,39843.15547,1,0,
5.668632188,30.81766548,55.10680234,50.2471998,49018.63976,1,0,
4.743399064,24.77592018,43.87460469,45.49620809,28700.25955,0,0,
6.907619645,30.2234792,41.60572914,55.29794273,43509.73059,1,0,
6.371711989,26.94707031,69.27600175,43.3884965,31462.63515,1,0,
6.274523817,30.50509082,83.51815205,56.52242858,43597.68742,0,0,
5.491175583,29.16640512,97.992871,42.83105275,36052.81367,1,0,
6.617031609,23.1663603,57.54819225,61.80921047,39072.45741,1,0,
4.035922949,23.33248544,82.02700229,68.55325491,38643.13347,0,0,
4.009389922,30.17176601,63.00422369,60.07327019,35918.38832,0,0,
5.101591752,27.3465578,62.82824446,68.04680626,30935.90937,0,0,
4.700641999,29.82749997,46.01374359,46.97017053,48203.42255,1,0,
7.542830932,25.54224255,66.94582197,64.00512997,29808.62841,1,0,
5.880599613,27.87965315,89.33071932,55.44012792,30291.49164,1,0,
5.681983351,30.55083805,45.7582347,45.87073784,31147.13288,1,0,
6.729665984,23.7871945,59.45289085,41.72852413,34384.04195,1,0,
7.437085675,29.07436312,94.27286621,47.39013626,37057.35385,1,0,
4.569610879,24.33452177,42.216833,65.43596935,27480.98606,1,0,
5.427177488,23.53086106,84.10160593,50.63934128,42698.81123,1,0,
4.432292747,24.57433939,72.55591371,41.34919245,34566.32264,1,0,
4.081087998,29.31684032,90.07886483,56.3858841,43392.00071,1,0,
7.249265546,28.43984254,58.37456212,47.19029134,39308.48349,0,0,
4.569785692,23.06313417,42.34201063,57.29646034,37547.04324,1,0,
4.921727473,29.6052139,67.72563682,40.96285015,42262.46745,1,0,
4.796534981,30.76298529,90.17071082,47.39443368,30584.69486,1,0,
5.022913686,26.49310491,78.26857582,54.09278094,35176.51902,1,0,
5.122651445,26.73368312,40.69767679,43.52419761,27614.03137,0,0,
4.378993171,27.285067,69.46359685,60.14352324,38976.96303,0,0,
5.381394722,27.3672739,82.01988738,64.36048641,25597.92205,0,0,
7.613115193,25.77441464,86.71021336,43.7435915,46422.96183,1,0,
8.827020366,30.00792771,73.22974546,58.76335588,26784.89144,1,0,
8.003552017,26.01795939,58.82028649,54.17151706,39165.38706,1,0,
6.818195369,28.75840709,58.24631579,45.87810826,37039.14416,0,1,
4.422532492,30.37778898,74.0178337,51.58517585,35258.15286,0,0,
8.828320934,25.09543728,43.13774876,47.01893411,46392.30732,1,0,
8.076832615,25.73116576,88.64411506,49.07689438,29652.49653,1,0,
8.861214333,29.69989962,36.78192555,51.13694959,31385.00777,0,0,
8.177913156,30.35256761,50.29801976,44.90117756,47026.04399,0,0,
7.003100816,27.39889952,87.66027565,54.27483295,46622.52048,0,0,
4.859858564,24.95428254,47.30392557,58.45930259,25728.55831,1,0,
6.821721567,28.91350909,86.36093258,56.2805687,29788.25589,0,0,
7.996939166,30.00508425,83.39027163,40.95164468,37488.28421,1,0,
7.096061991,28.44429832,89.36397811,62.42361559,36642.74776,1,0,
8.246149047,30.56512936,86.13591346,43.89218085,48977.1237,1,0,
6.768773608,23.74676653,77.83606057,49.8619649,47414.25396,0,1,
4.663244735,23.46365572,50.80408274,60.95740623,38945.93372,0,0,
6.801997146,23.90507425,71.56663132,43.89214195,49368.19674,0,1,
7.029416901,28.86206465,95.48051664,61.13820011,43987.01333,1,0,
4.332178684,25.23878433,57.87370899,46.64930352,42379.19422,0,0,
4.366002479,24.87242869,49.97306844,51.27409795,29035.48845,0,0,
4.854632412,28.1781207,50.98790627,50.10981055,25756.43622,1,0,
8.532769165,26.25337059,44.66954025,55.84311827,25301.86012,0,0,
7.249225228,24.79237551,59.65251102,59.52117819,28462.9261,0,0,
6.036954044,26.63136985,68.59377595,41.9767929,34461.48108,1,0,
6.721433137,26.79763252,81.34879048,67.43014397,29119.51927,1,0,
4.987920395,23.81161229,62.92521621,47.5837479,40973.46049,0,0,
7.5070214,29.32441847,73.94392054,64.85933928,27045.18119,1,0,
5.001967998,23.49150952,39.89336404,62.90642038,45986.32245,1,0,
6.259818192,29.13547452,45.07662414,43.88907346,37539.04472,1,0,
6.387844548,27.17887638,94.00504198,49.56370554,40164.04782,0,1,
6.849395223,29.16450366,72.63361498,57.50578461,30017.69102,1,0,
4.381436922,26.24654915,73.15269107,59.61619261,44194.40721,0,0,
6.175712364,27.1461861,57.72952085,59.17854778,45326.66818,0,1,
5.126351824,24.60740097,98.05459844,48.40646062,41578.58602,0,1,
5.92110378,29.88977465,51.73778143,68.07257279,48177.48182,0,0,
8.378914884,30.40481248,72.38047041,57.3586369,44105.8826,1,0,
6.712743954,25.94133521,42.24322881,42.65101878,48416.79181,0,1,
5.504105944,23.86026566,71.28667653,59.17546975,31133.66767,1,0,
7.952495484,23.67720689,39.14339648,41.4418663,45609.5835,0,0,
8.064743865,23.53330538,37.51946396,68.86965785,43106.92235,1,0,
7.905316858,27.1539476,77.15729445,43.06857692,27543.53959,1,0,
5.888826339,23.25656666,56.93462885,55.67602904,46362.34978,1,0,
6.638541876,25.46752071,91.09822376,66.87455953,32615.10122,1,0,
8.607331148,27.29259635,77.73693183,55.45426049,33250.10465,1,0,
5.02944528,25.03964147,64.11483692,69.02555455,36865.42269,1,0,
5.327081544,24.23969316,36.87489275,46.27775195,48470.85711,1,0,
8.069989222,26.364314,99.85421926,50.81588802,34839.57183,1,0,
4.625372877,25.39705954,98.79119702,42.08462242,28566.56321,0,0,
6.88811278,26.40801938,74.59136792,44.11633242,30724.32914,1,0,
4.109466248,27.73105584,66.15303988,46.18787921,44960.12039,1,0,
5.556161569,27.04040797,66.72010687,50.80731376,41958.40368,0,1,
7.306409438,26.92860107,58.33701296,65.22774447,26151.21075,1,0,
5.757410696,25.11441752,45.52063337,55.27761202,49132.14613,0,1,
6.04479321,30.05451671,93.84150628,58.43726164,47940.81654,0,0,
5.810112884,26.39773062,68.14606118,42.48859001,45718.83027,0,1,
6.613769166,30.92624597,79.19810933,45.19248973,46390.22139,1,0,
5.323302056,26.42762777,51.31864097,69.39160709,48275.44556,1,0,
7.568572992,27.70696599,51.79227945,67.71097366,33876.96333,1,0,
4.15752887,24.48589015,63.65939473,57.35807556,40621.32103,0,0,
4.751862806,30.49394425,55.55960049,53.88279871,35009.40012,0,0,
5.814238829,29.59688316,71.33508983,41.8668247,40935.41199,1,0,
7.047982108,30.28148413,67.29425626,40.54418098,28254.75778,1,0,
6.526636714,29.4681557,45.74682159,43.62251537,38938.39372,1,0,
8.285476428,30.55152539,51.47737632,41.17774941,43141.04919,0,0,
7.945782305,27.1387804,42.83380473,60.14105659,45371.84929,0,0,
7.945525109,30.30721768,78.47136271,60.58268487,29557.51275,1,0,
8.921852626,27.06412909,73.99764365,62.39029285,36187.14884,1,0,
5.136165338,30.43456142,89.41533632,42.56544012,36154.05619,1,0,
4.078819697,25.38080166,54.93121695,57.71470461,31722.9925,0,0,
8.64691099,23.79106536,74.65195072,54.97848612,46071.17607,1,0,
8.765874993,29.71205105,65.48557613,62.55580006,33787.57784,0,0,
6.822654813,29.37821436,47.13195199,56.30945619,31404.37653,1,0,
5.468397944,25.50688664,92.96783985,61.41250012,43097.97986,0,0,
7.835905226,23.66516555,51.51425505,41.9448515,49569.62972,0,0,
5.075347705,30.44406308,68.64248882,57.21509942,48610.58103,1,0,
5.43004918,28.99105302,72.28795558,52.51251248,37172.28995,1,0,
8.169591179,28.98604097,72.85981383,62.41440678,31531.31435,0,0,
5.279368555,23.27669245,62.02570253,63.31153466,36009.72953,1,0,
6.974965525,24.02206546,78.99224168,60.55512817,31943.99698,1,0,
5.553987051,28.66415836,40.81654545,44.20023334,48305.18342,1,0,
6.077122888,25.04613135,41.12796573,48.39387475,43543.25076,0,1,
8.238017876,27.9885215,84.34604373,41.36841665,41161.29005,0,0,
5.358012501,28.27383987,76.70166207,62.60819575,40822.25646,0,0,
7.325491234,29.64998244,67.84093825,40.0247375,31980.66038,0,0,
4.73996883,25.98579992,48.73579923,62.09203477,46657.50127,1,0,
6.54084511,29.72692684,45.82967616,65.74213164,43108.08142,0,0,
8.778855019,23.01119623,69.22422252,55.50246799,48219.06697,1,0,
5.369183428,30.96316428,67.30423703,53.68402187,35374.8065,0,0,
7.743161126,27.02917775,89.81384855,54.46392347,38570.53908,0,0,
7.359183359,26.89074177,71.61818096,46.95359617,43175.02811,0,0,
4.619508575,25.08997559,92.71913865,58.82860189,34277.12718,0,0,
7.000540245,26.54897363,69.733746,57.67533331,41648.81981,0,0,
5.736193426,25.19196818,63.99800691,47.17185965,45565.48739,0,1,
7.166520433,28.78813064,56.57406747,65.22059815,33316.62011,1,0,
7.923872991,23.41306076,67.55537191,41.04412494,40828.16501,0,0,
8.941214393,28.77478324,94.85801099,60.9936324,26733.1715,0,0,
4.429359329,25.03287647,45.58756871,55.69763791,32282.48225,0,0,
7.699895416,29.62025652,75.8499034,64.55448962,39004.78454,1,0,
5.036881247,27.08655121,63.07800057,57.83915546,41734.43022,0,1,
5.145989925,23.94034488,45.58359318,41.66885641,41211.62132,0,1,
8.284117533,29.0079823,83.27336106,49.95023391,42667.9934,1,0,
5.184550391,24.28714525,41.59034537,55.54970551,36228.44844,1,0,
8.975271212,28.03431947,80.09225361,61.68510796,27386.07419,1,0,
5.451123824,25.25623121,67.84831546,48.26582659,48173.04298,0,1,
5.568475448,29.40509594,54.94891667,61.67170194,31026.63206,0,0,
7.301613398,26.05087524,76.67261263,65.15076885,30062.4488,0,0,
6.684762648,25.78154944,85.60728807,45.21896486,29403.98917,0,0,
6.727798651,26.71357071,63.80440727,68.43122119,34726.09591,1,0,
6.30312153,27.94017875,56.75566172,59.33180006,34711.4915,1,0,
5.848263619,29.00665262,57.36128083,42.93115262,34472.84202,0,1,
7.353728434,25.87393677,97.71159253,47.123006,25320.81447,1,0,
7.913012261,26.68184848,62.53853442,58.2258172,48160.53172,0,0,
6.217940711,29.74148655,62.1293618,66.57481071,25714.94548,1,0,
7.159913228,26.68514534,91.00107414,52.50235372,25477.0849,0,0,
8.725161481,26.34400536,88.37614573,69.60688644,36913.77062,0,0,
4.847091732,26.654553,85.13726285,67.34108823,33444.10412,1,0,
7.525210967,27.64429196,74.43999615,44.79663764,38657.07439,1,0,
7.782203077,28.73281492,87.39265324,51.69966262,32417.73221,1,0,
5.263446745,26.27584643,36.66317802,67.873177,36895.99193,1,0,
6.439214951,25.9054266,76.87885498,41.63369423,38344.33283,1,0,
8.385890718,25.98151841,55.25170835,63.55408221,34187.07151,1,0,
4.01353086,25.86702997,51.63424012,49.255847,46016.38696,1,0,
7.896999756,26.2557188,93.88187584,66.07536706,37966.84531,1,0,
5.512857156,28.47099214,74.85714842,61.81771287,25351.54605,1,0,
5.581569553,25.96616106,55.3166297,61.92933505,44219.56423,1,0,
6.967059951,27.25500578,57.94453582,42.8003939,30858.27492,1,0,
5.301285684,27.91563031,86.31611768,53.16368664,38123.16863,1,0,
7.512444631,26.80448506,80.85705059,41.0540386,34693.71198,1,0,
4.21992135,23.89109221,81.67381269,59.55066579,48716.09505,1,0,
4.077361738,27.85260235,99.64545932,57.97920851,38559.66005,1,0,
8.497900456,23.26929264,55.97769751,59.89082565,28981.2111,0,0,
4.729583029,27.9177096,97.16877562,45.16638405,35714.81599,1,0,
7.965260213,28.80391818,53.89012979,57.35036385,46386.76382,1,0,
8.754879136,25.64260725,85.36408407,51.67367745,32161.61749,1,0,
7.874634195,23.77034889,97.59571356,54.30614709,42067.36404,1,0,
4.860618836,27.68178985,97.03076571,65.50776819,27513.01332,1,0,
8.700944016,29.00254132,93.24077408,63.35137452,27133.48798,1,0,
6.771205089,24.11775652,50.3656516,52.0917033,32824.6287,1,0,
4.841073486,24.13732995,99.13364676,54.25191241,37083.3034,1,0,
6.87867778,24.06305036,63.00962021,65.01571155,37064.78389,1,0,
4.367538781,26.47920249,94.35969464,60.7430444,32617.65378,1,0,
5.447952036,24.95831608,47.04529159,64.17230616,43215.67253,1,0,
8.43539979,23.77681383,58.13528113,65.63771387,48395.91869,1,0,
5.055723178,26.45522133,52.18738559,62.05877996,36108.89971,0,0,
5.521259748,23.2252152,56.57673544,45.01592796,36461.49629,0,1,
5.249004915,24.74860141,43.41579791,45.37561225,38690.85635,0,1,
7.791507978,25.40577247,85.9317707,57.12677635,44055.41796,1,0,
4.392919092,27.92278829,73.12605105,69.78404143,35966.14919,1,0,
7.189469688,28.00397604,95.92816653,45.64736938,36545.531,1,0,
6.027240608,28.04037096,61.85657685,59.23074028,37772.66912,0,1,
4.705683962,28.17353113,83.18645195,57.35938185,35269.44698,1,0,
4.625134605,24.84511015,66.02007584,68.64004628,42974.07441,1,0,
7.107316992,29.45709948,80.02529836,51.09151271,32580.97947,1,0,
7.409180572,28.29639185,85.58472829,67.82837688,27488.02604,0,0,
6.724509626,24.43916765,59.60692145,65.93112012,47077.00319,1,0,
6.073422024,23.99701354,37.02106207,51.89493973,34136.96578,1,0,
4.720460072,29.41377049,96.02777731,41.67685048,27999.79315,1,0,
8.399952886,27.35721935,79.99654716,51.88918576,46975.71537,0,0,
5.338629825,25.27821981,83.92418196,42.18965326,33038.05159,0,1,
7.680413434,27.04754353,85.89622134,59.51518591,45540.72443,1,0,
4.284407311,26.62193771,80.91142952,67.58853041,42360.81534,0,0,
8.547975607,26.76620365,56.10358507,63.18240282,26719.33014,0,0,
6.661696146,29.49814073,63.33237355,44.66705521,37142.80347,1,0,
4.397602688,26.98432513,78.86610175,65.29952104,36500.25373,0,0,
6.128350355,27.49302442,86.69652866,48.39227999,38300.39033,1,0,
4.534624537,26.98376315,90.74590568,47.54932625,44289.9403,0,0,
8.786435339,28.14426828,58.42319141,47.52915588,27871.00623,1,0,
6.737142679,30.328095,90.40305389,51.65535152,25724.82127,0,0,
8.724683162,25.91470247,60.2385931,41.29265674,43952.32624,1,0,
8.007131786,24.41226793,94.1623272,50.42765883,43810.33235,1,0,
5.344084008,23.52319982,86.07148921,69.83310048,34707.24981,0,0,
5.791068542,28.18929711,50.37469931,46.12065286,46266.76526,0,1,
7.745542893,23.90988103,86.61001982,61.09900792,31748.74355,1,0,
4.113643355,26.45361526,46.99867094,47.81398495,45977.40904,1,0,
7.507594629,24.90560338,54.79015456,42.91946761,36891.09288,1,0,
8.169286824,23.19677541,88.75439404,64.04955266,25341.62497,0,0,
4.133228422,25.24794807,74.96737332,52.95917997,47964.25497,0,0,
8.928654467,26.70084501,71.38845557,59.73989162,45542.2136,1,0,
7.707660082,30.64049746,70.28033213,41.00745916,33843.636,0,0,
8.217050876,28.20608794,91.96468301,69.18913084,27743.49866,1,0,
5.129468574,30.99422471,93.47837705,47.58368714,30313.08602,1,0,
6.059368573,28.91076664,94.58793743,53.27368412,27858.50028,1,0,
4.322036315,24.90946709,40.3816482,52.68228413,25652.05816,1,0,
4.03400922,26.73080363,69.90968119,58.70625233,26657.6829,0,0,
8.956800202,29.31247643,95.48365445,51.98628633,44449.81441,1,0,
7.058087572,29.57286552,51.97212607,52.44304832,43019.11226,1,0,
6.629804724,29.20476258,58.33491229,67.69472508,46618.55521,1,0,
6.620928765,30.52947596,82.11382785,41.65296421,27523.71397,0,0,
8.650352963,30.82976105,73.79494596,67.082455,30765.94596,0,0,
7.323955829,25.90626232,84.89375687,68.13026907,28011.2291,1,0,
5.969843288,24.94403739,90.83035772,67.53620233,25429.17606,0,0,
7.890218537,27.88011456,97.41050768,56.66368647,30829.77945,0,0,
6.468540184,25.69696904,90.27380982,46.61808325,30801.53528,0,1,
4.574443387,28.33023331,80.12327078,65.13036605,38761.16683,0,0,
7.560789374,24.0947188,72.24033522,49.7501284,29451.13366,1,0,
5.772865771,26.50824323,70.80284916,48.18759675,34860.07269,1,0,
7.839030611,28.63944307,84.17457949,44.97977513,33580.77501,1,0,
5.604327659,29.63908956,75.3526457,61.92941079,39342.50264,1,0,
7.519462534,26.44769917,70.85589682,52.21673753,47812.18547,1,0,
6.401511733,26.35603359,37.96923544,49.92337755,29299.45724,0,0,
7.810895177,29.41285195,98.12577393,53.35685712,39014.90815,0,0,
4.575715403,26.07324819,49.92859605,55.04073988,46377.90519,1,0,
4.786385744,23.60937356,52.91803765,59.41197144,28653.38046,0,0,
4.520064323,25.63066984,51.54316047,44.88880065,37391.184,1,0,
8.451582107,27.0637019,73.1457255,60.52806273,46317.50622,0,0,
7.060187066,30.24126245,36.967272,67.19837074,42586.47824,0,0,
7.571867622,24.59061555,74.24073851,46.07285263,42190.56841,1,0,
4.10986114,29.21586171,91.77674146,47.1001099,40397.53385,1,0,
8.774447634,24.22404502,61.54300271,66.5753928,32126.9498,1,0,
5.155466703,30.16200741,83.07643281,56.64499028,46243.61961,1,0,
8.695507396,30.38305292,88.610084,55.59574984,46363.79141,1,0,
8.476106628,23.07711375,81.48245339,59.92439496,42083.99474,1,0,
7.860702095,25.20594706,53.01162916,40.12082155,49103.61644,1,0,
4.424748613,23.61264993,52.26149741,53.22502545,42082.13493,1,0,
7.363400305,24.52348517,96.49833559,40.65457269,45720.7793,0,0,
6.504349916,30.60630147,52.92138384,47.82351867,30044.14722,1,0,
4.630197276,25.61760351,44.11723242,54.32837169,33924.52613,0,0,
7.556493827,23.38798604,75.58301453,65.62795166,46749.29127,1,0,
6.574839616,26.44583158,37.3825869,64.66372977,31168.52627,1,0,
5.957760064,25.23187887,37.42258462,53.08445929,44578.91298,0,0,
5.904426932,29.12090211,63.45901638,49.73247138,48719.56873,0,1,
5.257811208,27.92867242,43.76862743,42.81007702,42481.33688,0,1,
6.430130144,26.45601464,80.46455112,63.75764637,36416.56814,0,0,
7.797977781,27.32036337,73.11635016,49.59794562,32836.79419,1,0,
7.723268178,25.5389756,99.34339418,64.77455334,25573.77201,1,0,
4.079013551,28.71214002,71.09612638,55.41719785,26629.33826,1,0,
5.004440168,23.46867941,96.23580844,52.89174481,27063.29457,0,0,
5.324803804,23.07784527,44.52094951,58.30022293,48580.75988,1,0,
7.631897646,28.26172962,55.98276772,48.88696776,38814.0223,0,0,
8.247758874,30.57414823,67.77780191,58.25615065,33570.68598,0,0,
8.43139856,29.68288132,92.83103911,59.87035542,30702.10123,1,0,
7.797925706,30.58260204,74.07403224,46.30167626,36199.5982,1,0,
8.661544158,25.46812392,82.81448057,47.88916709,37269.89915,1,0,
8.500567798,23.31807554,64.15204612,51.75691672,30611.71847,0,0,
7.411960203,24.21058608,90.3339181,51.88065269,35580.99004,0,0,
4.403374269,29.31619597,36.61572536,57.07706797,39553.23118,1,0,
6.714115933,30.6475359,40.4288648,65.09835982,42291.74105,0,0,
7.021906441,28.65992273,53.46949277,43.18676525,43866.38671,1,0,
5.332150955,29.87390533,35.77595596,53.80854349,36495.54191,1,0,
4.202886941,25.43887736,83.91279463,66.23241507,36121.89162,0,0,
5.635948781,28.36468286,52.50629987,51.41766201,26804.9712,0,0,
7.041825628,29.41835052,71.05961522,67.99087334,46877.68359,0,0,
7.312231146,30.13996079,65.45697053,57.90078566,39251.11639,1,0,
6.623265992,27.29242594,63.77855066,57.67242727,43314.21909,1,0,
8.658654385,30.57677069,82.75302327,53.36303972,30866.63096,1,0,
7.681967189,29.0042843,59.22551073,56.58164693,41816.33207,1,0,
5.998434079,23.94078781,92.1293085,47.3786994,45938.35165,1,0,
5.446732124,23.99795635,85.98187053,53.23984685,40180.67261,1,0,
6.300977199,24.50385056,74.64966276,55.92667657,48559.1715,1,0,
6.846760147,24.77674334,36.02914268,58.40781997,30890.39074,0,0,
6.5679425,29.55757879,62.69827856,51.12326833,37789.36468,0,1,
6.255088162,24.88800089,58.57718193,66.76230353,32374.6058,0,0,
8.121022707,23.03506105,74.38303738,69.30676542,36429.56331,1,0,
8.90619322,25.9624691,98.68151226,50.01325563,49958.56754,0,0,
5.93735976,24.89461526,42.23839993,43.30967452,46086.01247,1,0,
7.09876312,26.75513091,40.33103906,55.25016708,40714.8813,0,0,
5.508300338,28.25984188,72.63339324,65.32836842,48277.25089,0,0,
5.223753736,26.79127478,53.65785198,58.51211138,35808.73054,1,0,
8.050587494,23.56836281,40.42439009,49.59662809,47506.79239,1,0,
8.237413024,30.32582415,76.35549561,55.85623244,45852.43481,0,0,
8.029786531,30.75511368,92.56042548,49.17353579,35627.70381,0,0,
4.522900195,27.94604312,92.23482432,66.24565918,36022.92518,1,0,
7.874419836,25.23563035,59.30541385,46.21026262,40633.5068,1,0,
4.29938855,28.35903865,70.96552766,58.26702886,27360.15647,0,0,
8.692829058,25.35309717,92.1620168,62.18139536,43252.40384,1,0,
4.679605929,26.61968008,41.94336657,51.4297981,37031.85614,0,0,
8.688925579,29.67868346,82.7293536,50.34390743,45274.15928,0,0,
6.21898279,25.21333351,73.72669372,58.20637402,32265.352,0,1,
4.117752352,28.66462332,97.82509162,58.11522174,30130.0362,1,0,
5.50602868,24.16630288,46.14441609,60.42655778,45911.86094,0,0,
7.77483755,23.49150239,80.69405289,59.32599612,27257.65463,1,0,
7.075347684,28.80121792,58.00845542,52.03647535,38943.6993,0,0,
6.886568827,29.02309615,74.8218382,45.71792003,35257.93218,1,0,
4.101708497,25.92743801,95.48958684,40.8342239,30519.87911,0,0,
7.421743997,27.83459397,41.55008113,55.97228196,33455.07432,1,0,
7.078549738,28.18321166,94.91389848,58.51167229,28401.18683,1,0,
6.245231855,24.34438129,51.38058099,56.69865101,34886.27302,0,1,
4.428261698,23.8009663,52.36458396,48.29172521,43506.36449,0,0,
7.059225863,25.61693317,79.71172741,55.87171333,28222.84375,0,0,
7.132280872,26.08005728,43.08048661,60.63163173,47277.77318,0,0,
6.998703647,30.7863563,59.73500189,63.50475868,36631.75709,0,0,
8.640816746,29.2018698,76.03003315,40.31616296,31248.12422,0,0,
4.598714926,27.33485972,75.58935341,62.15491022,44957.70968,0,0,
5.187836584,23.36851302,63.11790539,62.74150633,42995.46452,0,0,
5.040126621,24.12710681,66.27732948,60.09216239,48974.1671,1,0,
4.510677507,27.21840881,80.73429127,59.78559397,48761.83972,0,0,
5.631277091,24.234301,73.49530352,60.34871658,38857.16845,0,0,
5.530373092,23.7875076,72.19303302,43.67132489,45412.71228,0,1,
4.133659078,30.7705908,71.17976001,56.9226048,25597.06413,1,0,
6.861629077,26.9700774,36.92974906,41.11826439,27714.23854,1,0,
5.8781415,23.21384971,81.30152295,43.38003845,25507.69448,0,0,
7.105122095,23.35040494,45.53662457,43.70054681,38835.88692,1,0,
4.32542439,23.5526331,87.23312941,64.81890638,48031.80223,1,0,
6.240223601,26.49449976,61.27165342,60.2288996,40653.85863,0,0,
6.256965484,25.72012447,94.62557174,44.08284316,28088.29346,1,0,
7.037874348,26.03630331,85.78770781,50.29795609,40371.40817,1,0,
6.807840833,23.02202195,83.37142369,46.67310405,34136.77843,0,1,
6.987988506,25.8601051,42.63209227,49.25477627,42247.68014,1,0,
4.164272411,25.40088952,38.47528055,45.7368238,36486.20335,0,0,
4.126967967,26.56058779,44.92348026,69.26100953,36535.41476,1,0,
8.072914039,27.70134034,82.44806081,66.20891364,29181.97641,0,0,
7.678458247,26.46885606,43.85170035,58.83888833,40920.96394,0,0,
6.712759579,27.37575612,42.55234214,62.65869734,46112.44724,0,0,
7.997347408,25.43655424,52.49656899,43.80889695,34679.18717,1,0,
6.255531145,24.86542918,57.98539357,41.51618417,25299.21536,1,0,
7.435592138,25.75034892,61.70440445,46.72864362,44846.65831,0,0,
6.172280432,26.31940387,51.81835347,55.3392669,39085.42812,0,1,
4.871459191,25.27786213,78.06643785,65.54309267,26673.40772,0,0,
7.828884894,25.29062205,37.02439499,67.54465664,35834.51743,1,0,
6.221480427,25.1565886,84.94582735,50.43439273,30892.55688,1,0,
5.648399066,28.55619759,80.09735798,60.31811651,26931.59672,0,0,
8.342892674,30.2791233,61.7638051,63.8113079,34840.6477,1,0,
8.508002938,24.6044407,85.65851736,52.83191079,29601.19623,0,0,
8.474500746,27.0683913,79.24179722,43.66799255,41163.59364,1,0,
7.109233685,26.34883828,86.79197815,56.19424876,30630.0795,0,0,
6.977557642,24.26192157,63.43384198,57.29751546,29228.1401,0,0,
6.710149291,23.5563856,60.62936974,47.2550612,45651.51772,0,1,
6.224110483,24.2590097,86.41675751,68.07426043,48654.06258,1,0,
6.732638967,26.97122978,90.26729866,53.0711207,32243.65887,1,0,
7.703031084,25.99101237,39.56784257,49.16619107,30684.8698,0,0,
6.096969488,29.43576851,59.01876925,54.2027133,32520.99512,0,1,
6.077678575,26.67218449,57.05636232,49.8623622,29098.45209,0,0,
5.689511841,29.39774655,59.07695734,48.29176847,43200.45108,0,1,
6.340500533,27.54793411,67.63218989,43.27426019,35905.72179,0,1,
8.383377194,24.67485341,60.72051271,49.85672143,37483.92471,1,0,
7.263983097,25.29972513,55.28592203,46.08141862,36181.8358,0,0,
8.142977932,27.5135767,95.26905486,51.70682755,49716.62137,0,0,
6.151667215,29.42115354,98.83152868,68.11132433,48282.77158,0,0,
6.191754932,23.97387356,61.9542036,59.95724871,29265.30957,0,0,
4.367611054,23.10939764,43.73315558,40.87391618,26790.80446,0,0,
7.577939934,26.93993601,74.07800712,64.69051316,25758.74945,1,0,
7.969220261,25.53652012,77.20990985,59.51618133,27693.60324,0,0,
8.038059214,30.86790067,47.685374,67.63998139,34523.49966,1,0,
4.06769579,23.11419737,97.817384,50.65634591,35901.72544,0,0,
8.622551813,25.55617008,48.09245328,40.82002457,26122.83695,0,0,
4.404698025,29.29888245,65.60196561,69.4592639,42849.2763,0,0,
8.06042124,25.70333825,86.38041812,48.28445675,30227.27279,0,0,
4.905646892,30.75705569,73.3241783,64.30525702,34575.89785,1,0,
4.030507927,28.38467009,83.28982663,54.93183704,48611.3551,1,0,
8.025376703,29.97891199,74.79246566,60.92904664,31910.62315,0,0,
8.947700491,25.68334564,65.84328558,49.26082492,32225.61285,1,0,
5.607322303,30.87130967,96.5310169,61.30464912,37728.04385,1,0,
5.808281589,30.08355024,40.70596116,51.72469543,41092.9135,1,0,
4.289109011,30.61071164,81.24025199,42.56162523,46353.68897,1,0,
8.8789391,25.2717331,64.77508877,46.99959208,28831.7521,1,0,
5.723249157,23.10645337,74.52966114,47.69777767,37158.59241,0,1,
8.093244808,30.02330891,49.00856216,61.81276267,39488.2767,0,0,
7.727159708,30.07261545,65.04376731,62.18853201,44613.57691,0,0,
6.550660206,25.94809551,98.22720489,45.30147317,49607.81134,0,1,
4.065204311,29.9844193,82.52129777,63.27202937,49602.0512,1,0,
7.746102382,25.83949292,59.73432274,53.81196064,35713.57023,1,0,
8.206137266,28.98455618,79.19891159,46.13224882,35227.3418,1,0,
5.495094383,23.34365833,72.25879039,51.83254414,49461.07592,1,0,
4.338060204,26.97243075,69.68367911,69.50964196,48012.2452,0,0,
8.335876402,25.66512814,61.88146552,42.23959482,47503.37961,1,0,
7.512965315,26.77080373,51.37166544,49.46155349,35661.68286,0,0,
8.261660361,28.27041858,45.49583891,41.87833122,42918.93841,1,0,
5.955953438,25.51574588,76.62366496,45.70989583,30246.90023,1,0,
7.305561904,24.53647962,55.18294079,60.78913551,30697.5526,0,0,
7.010999975,27.7291971,43.02773864,69.97714371,43202.74261,1,0,
5.570166481,25.69746258,77.47252758,58.49372259,28960.17539,1,0,
8.495994809,23.96235563,92.7551935,52.27986052,30627.2591,0,0,
8.59599155,28.18495733,96.13807975,48.25773839,35766.15231,1,0,
8.746572503,28.60365975,68.98928499,52.5623152,39432.78755,0,0,
5.124331231,30.79619586,59.59072909,62.7481066,47682.36846,0,0,
7.833434515,27.9566929,79.6431515,54.49339129,48479.91853,0,0,
7.531083693,26.8107074,48.13980301,67.95708005,27390.61975,1,0,
7.352803742,24.66612234,47.71976084,46.71477099,30503.21206,1,0,
4.808749872,26.45749722,79.5321637,68.28510709,29625.13758,0,0,
4.004419831,30.08088715,54.97077401,52.70459709,46192.74714,0,0,
8.993791234,26.52636974,43.51330028,40.43481043,30609.39814,0,0,
5.972150504,26.17619417,63.00878645,52.69988246,46485.46771,0,1,
7.289873255,30.38812059,97.3374804,68.88969789,37962.71089,0,0,
6.197669994,30.77581692,46.10019793,52.51629607,32902.30346,0,0,
6.652045082,26.02357411,37.24171302,56.55083149,27186.4374,0,0,
6.011251706,27.0028017,74.4859392,44.92810213,49109.68653,1,0,
5.531172063,29.66197544,96.93003687,66.09420324,41631.79293,1,0,
6.718346353,30.75619826,92.65441931,54.46991741,27416.17403,0,0,
8.565475914,25.03029634,54.08140685,41.69826656,32589.78107,0,0,
7.440191306,30.3454027,48.79139047,43.61849684,36289.44154,1,0,
8.256266921,26.84719208,75.71577285,41.4862167,36217.91363,0,0,
5.989250559,23.46052186,37.03146128,67.4021634,48360.56426,1,0,
6.893342102,26.98089403,80.41515142,45.63669543,46277.8266,0,1,
4.109556989,24.13827651,86.85539339,50.71948147,26891.4396,0,0,
6.066318101,30.68286668,95.16297624,40.19228532,40621.91357,0,0,
8.335484312,29.18107789,52.64647103,55.32755216,31872.84441,0,0,
4.928642767,27.90067893,77.97888942,43.88252946,29997.79702,1,0,
8.078835083,29.45853367,36.34729578,46.05650296,42094.77071,1,0,
8.947200952,24.12031538,73.55023924,67.29810003,48817.06575,0,0,
8.221401299,30.64276435,71.19193866,58.45048395,32028.51368,0,0,
4.054926686,25.50700588,99.9339371,62.71465357,25174.85404,0,0,
6.576910234,23.52741758,60.71366837,67.67634835,44040.07549,1,0,
7.461666792,26.31602949,46.57107651,46.3392417,38052.7421,0,0,
7.327720671,30.61366356,55.14607103,44.42181216,27552.15227,0,0,
8.984196298,23.0473264,38.84657925,58.41914273,33414.98169,1,0,
8.360372498,30.19052051,38.20390998,52.48016668,36889.97726,0,0,
5.244562766,26.96069878,59.94615024,53.2252582,27106.83711,1,0,
6.790652038,30.03311371,84.57906221,42.4617814,29818.00418,1,0,
8.127061041,28.54863025,44.46446036,51.32148384,44974.97261,0,0,
5.688964075,25.51253478,79.87673977,53.30083002,32977.13559,1,0,
4.896535647,24.05946974,81.00549665,46.59348965,41861.45646,0,0,
7.516102777,24.76450428,47.64739601,64.94934953,38775.81317,0,0,
6.09625243,26.4276838,74.77190764,48.39342957,39301.49524,0,1,
4.505471298,30.17811169,76.00594244,41.82695819,32938.50532,1,0,
8.568963743,25.69963895,59.58612128,54.82702395,25731.44854,1,0,
6.479990154,23.97693133,55.10871036,65.74960599,45344.07625,1,0,
8.967950708,27.6761292,96.13369729,46.05152247,33772.0607,0,0,
8.865136874,30.88960085,42.72964457,68.71260084,34224.21132,0,0,
4.941488793,25.21785803,59.8725331,68.64253298,48798.84347,0,0,
4.788232142,29.08641017,82.39085193,68.84198587,38451.10876,1,0,
7.506949578,25.74620583,44.68512336,49.22207185,32737.43061,0,0,
8.932038973,27.7644933,49.92256128,46.57636641,35452.28675,0,0,
4.494594263,24.49642283,99.21783472,44.59719481,37627.11064,1,0,
5.43433445,23.53675999,70.94377489,49.414633,25462.90682,1,0,
5.288721738,26.47100093,39.02085519,53.09671605,32359.68608,1,0,
7.209868479,28.45574807,35.46133109,41.04599896,41245.98845,1,0,
5.479813469,27.09612153,88.47098148,63.21763578,47525.22939,1,0,
5.649443162,23.41709226,91.72990072,49.74777008,34295.13752,0,1,
4.43768337,27.93352547,63.72909914,61.51391887,25229.97488,0,0,
6.921962373,27.36078384,60.48406676,42.956956,45637.21272,1,0,
4.327057939,25.92770456,51.45392153,63.3721636,37436.47511,0,0,
8.061941772,28.25441458,75.9475033,46.54112614,41190.87165,1,0,
8.764432567,30.82693083,84.24804236,61.67037521,34074.45876,1,0,
7.704783063,24.06220895,94.98142422,46.86656053,40523.49899,0,0,
8.283458379,25.01788766,89.34389515,56.38242675,38372.85236,0,0,
8.648730321,30.54012282,40.68428487,40.38331703,27260.3429,0,0,
6.781514452,27.66065869,71.15435219,53.34488296,43469.48038,0,1,
6.862702801,24.87030526,66.72932068,56.39244989,28265.47273,1,0,
5.938300645,29.51187868,51.19612816,53.84662794,47696.18212,0,1,
7.604986237,29.85568636,77.05458533,51.61406606,33035.71523,0,0,
6.338577161,28.70443394,51.52340817,41.05332941,32003.26725,1,0,
8.063686624,28.8047772,41.51246782,47.7460104,46602.72103,1,0,
4.363111539,24.4747278,49.79658506,58.68801524,27990.07992,1,0,
4.655018119,30.54608539,69.45393544,40.53489004,40109.91668,1,0,
5.541718489,28.37509793,95.35820533,46.36413586,49254.50675,1,0,
8.76150197,27.38231826,49.16367447,43.25067365,49238.24216,0,0,
8.790777452,26.48638166,61.19598519,54.45056028,36911.5598,1,0,
5.558708385,25.64980404,98.34635065,52.08581705,39748.72752,0,1,
8.990963819,24.23084298,61.33709404,40.62648608,47514.05886,1,0,
7.639180351,29.4718587,62.41903029,45.26244839,49613.33382,0,0,
8.468669203,27.98584838,64.54569456,55.77658536,47055.42017,1,0,
4.853675699,30.57571671,81.74365001,68.1040346,25395.59389,1,0,
6.425953821,24.19393985,47.12473536,49.92157742,48959.88992,0,1,
6.077224508,25.40424488,77.70092158,64.20875233,31792.17476,1,0,
6.585455855,23.86737445,59.73100498,48.58176304,46215.7012,0,1,
8.770098222,28.95231498,99.77963762,66.46258076,39770.32089,1,0,
7.56665031,24.89395504,62.87482288,45.70812795,34322.71848,1,0,
8.293611019,29.29726643,64.7881767,57.65334307,26009.22255,1,0,
6.51284344,26.90959572,41.43504264,48.85482941,42019.01808,0,1,
6.290439278,30.79728279,69.80722937,56.42455023,29995.07559,0,0,
4.687663569,24.52416852,60.39368067,63.07224304,28441.83693,0,0,
6.687319078,25.16404589,59.56512607,59.30225836,38577.02297,1,0,
5.939532948,29.56527015,86.11232451,40.22024308,25938.2486,1,0,
4.362847097,23.24203129,92.64530817,51.93692937,49187.48511,0,0,
4.026709774,30.36210985,57.15546585,44.01109052,47317.91474,0,0,
5.730514696,25.95609312,62.08217713,41.87846446,49211.95991,1,0,
8.856049729,24.69533476,64.08760384,69.32187903,27588.41998,0,0,
4.447450348,26.59146073,69.11648473,65.35114489,32911.6655,1,0,
7.29439671,29.99327674,74.15964102,62.32340667,42175.53816,1,0,
5.667401239,29.32212379,38.0365042,64.75370255,31224.31323,1,0,
6.254170599,26.71288409,52.31183287,58.42040052,43744.04715,1,0,
7.093259598,28.24578197,44.28776759,60.4607913,31520.15845,1,0,
4.839508951,26.33579592,87.89564264,63.49940027,41591.08627,0,0,
7.719593807,26.42056425,97.66884857,44.97850407,44224.77015,0,0,
7.349059877,29.81254742,60.74785093,63.52412219,25103.50752,0,0,
8.166234043,30.2478456,48.25242893,57.60942118,45674.81072,0,0,
7.996703624,26.66344993,68.02352502,56.8378443,43057.76117,0,0,
6.899040942,29.8944952,96.28738669,67.9069519,26193.75908,0,0,
4.395938035,26.02588243,65.94678569,56.26855006,42963.49708,1,0,
4.500673719,29.28413707,36.3813414,46.42199836,43320.21936,1,0,
4.00868198,30.90172352,35.05278648,47.50728139,28095.32891,1,0,
8.011152366,28.13009638,95.95290803,63.30070735,25334.35366,1,0,
8.191951948,27.89146372,91.33083346,52.61952094,43210.70105,0,0,
8.199084566,29.13038001,66.31540977,56.96456003,40691.54805,1,0,
8.998026208,30.79557994,95.24207853,55.12666366,30424.46554,1,0,
6.780423722,23.08831104,65.65216258,62.41966026,29872.57402,0,0,
4.074454226,23.0908448,96.66405715,48.88292322,39988.94584,0,0,
8.565190483,29.17894787,77.34430968,43.98709028,28605.86527,1,0,
4.789159296,23.85274369,38.15080327,50.11892081,41275.72344,0,0,
4.928068592,23.19460368,78.30868633,44.71064183,26629.52941,0,0,
6.947763459,27.63549111,80.1116772,66.81181991,48093.4503,0,0,
8.106225692,29.73025402,69.26524599,67.25910656,44288.87362,0,0,
7.799326736,26.78017011,40.86372508,51.46515336,47963.20947,1,0,
7.197523027,24.12987623,64.1918037,48.26747811,42285.52643,0,0,
4.157529839,27.27104326,60.20919315,68.74453158,27227.03965,1,0,
6.28357419,24.24044212,79.30054648,40.14504364,27563.87774,1,0,
6.75153811,25.15429865,35.56985201,48.66117182,41800.39256,0,0,
8.440735859,23.10184156,38.17948625,66.04083129,31635.3763,1,0,
6.957865323,24.51843833,49.52509305,49.92722145,38649.73268,1,0,
5.540152397,24.17579938,93.76935652,44.96371794,29457.18972,0,0,
4.129751786,28.9776416,71.17801582,61.1150657,40173.18062,1,0,
8.885264319,24.27905276,39.48390803,67.54173286,41578.221,0,0,
5.603800033,29.24322771,65.74130106,64.50684515,30680.72864,1,0,
4.119590707,23.28582727,37.69607528,49.91339123,32033.46325,1,0,
4.415507588,27.33511231,41.90596496,60.4539461,32134.61158,0,0,
6.630071968,23.91941948,60.705232,46.87700432,34089.95002,0,1,
8.7088696,25.93875905,96.50057227,55.82483447,33087.33679,1,0,
8.795690543,25.79728671,89.6005993,58.25839183,27853.16743,1,0,
5.608961658,26.14699125,99.02573217,48.84580116,42922.56138,0,1,
8.35639683,24.15457905,81.89512401,62.18523737,44755.44992,0,0,
7.188607118,30.51702403,50.06577077,45.67944271,31731.96621,0,0,
8.174180671,23.17372644,61.3570955,63.50482609,33815.82816,1,0,
6.468051812,29.91100169,49.65783064,43.95719886,40019.07446,1,0,
6.643447539,27.64532077,93.33906838,45.58298263,43690.17807,0,1,
5.941158906,28.35246906,95.40289599,55.53377815,31756.47552,1,0,
5.184269748,26.32733167,37.40409462,67.51953744,44586.19032,0,0,
8.290075575,29.40943413,53.54804484,49.46878328,37752.3201,1,0,
8.246709759,23.91455354,52.17477343,59.61658206,42692.48131,1,0,
4.061413895,25.70806956,90.87702655,48.37544198,39682.21286,1,0,
7.751178508,25.20542259,97.19915748,68.1987882,42338.50297,1,0,
4.170618661,27.01031633,64.43938806,47.19798382,36392.38909,1,0,
7.637272735,30.67941146,83.23070716,59.5376226,40849.50349,1,0,
5.799669285,26.65059417,53.7388946,66.08825343,33106.52254,0,0,
6.392870179,28.00099439,85.4248382,44.67503484,26274.46074,0,0,
5.44176676,26.03825792,71.2548595,68.60718836,35725.99526,0,0,
4.98883464,28.15118074,38.30369917,58.06639444,32668.90877,0,0,
4.946917016,28.47873304,37.15791253,55.44419145,44654.6727,1,0,
7.880796347,30.17312836,92.54753225,55.1098938,43287.47158,1,0,
6.992620732,26.47409222,74.68739859,43.2736323,41108.95088,0,1,
8.946944038,27.64148111,63.74839779,42.67957788,36099.27807,0,0,
7.306596484,27.87009776,68.06154992,60.8053701,45376.45864,1,0,
5.013140707,23.61507082,79.60631372,67.33151297,28888.20929,1,0,
6.568030716,23.0792107,58.4097008,51.18793528,31941.46384,0,1,
4.766840161,30.05581736,77.95663766,41.25278978,37316.13864,1,0,
8.489379699,30.75582313,42.92123065,47.77864884,39121.97829,1,0,
7.769179291,28.98510409,84.33711894,69.70932579,34837.89135,1,0,
4.606802271,27.1410334,83.46805939,40.22560017,45592.29892,0,0,
6.512816448,26.26703942,58.73589849,57.4171211,45042.38805,1,0,
7.906050842,25.21420068,85.70413775,44.11311866,37459.98778,0,0,
7.332182671,23.77831282,82.19081706,67.15935902,45446.49333,0,0,
5.156454416,24.82581488,87.42958501,62.46820846,33419.67883,0,0,
5.235687779,26.99169508,84.55956439,41.65630697,45663.56221,0,1,
6.083507806,30.61263165,73.79328919,50.78881755,26819.06289,0,0,
5.782077888,29.23162543,96.3020273,40.54849527,42158.10885,1,0,
8.518357132,24.84911921,85.03872122,64.98290627,34462.39065,0,0,
7.133276668,29.81467564,43.08819246,43.20925703,32024.79265,1,0,
6.998868413,23.67784621,89.58795106,42.20949799,26888.32142,1,0,
6.919697377,27.61474651,85.93077979,66.98277204,48224.27733,1,0,
5.317572829,26.45308222,59.52152653,42.9961673,30621.75994,1,0,
6.969559743,29.68672303,58.88895161,50.71300467,27959.99757,1,0,
7.20101217,28.94012705,60.86839682,60.05020933,25577.06112,1,0,
7.752980822,23.17598852,60.93104712,43.17996264,45154.01112,0,0,
5.312795572,26.55915824,50.3618509,58.59383387,46864.08987,0,1,
7.485480198,25.45993455,42.73708988,47.23567702,33898.47778,1,0,
6.825597812,23.27347114,40.05465222,44.40520858,46996.12413,1,0,
7.531803492,25.18353102,42.04108775,51.56245058,39073.02373,1,0,
8.479876611,29.26253384,95.452767,54.85311606,45098.39434,1,0,
7.58255028,29.14877668,53.53811353,42.39753296,39867.27578,1,0,
8.420981042,23.72140875,46.67450125,57.00370643,43337.90051,1,0,
8.334062968,29.47512731,39.47298886,41.54619641,48315.67575,1,0,
5.770795247,23.50048454,73.92127703,62.50755694,25428.17156,1,0,
7.131445622,29.84758737,81.88324937,58.08961993,36771.07614,1,0,
5.738456888,24.39982237,87.39514929,44.56908306,34198.82222,0,1,
8.336896701,28.66161308,67.14900178,40.98846816,34635.46636,0,0,
4.231931255,24.09617219,47.51477216,43.83569285,48438.08074,0,0,
4.303296678,23.56236373,50.97365638,63.95619518,28347.74317,1,0,
5.202512303,24.4248669,99.48372108,53.11051878,46061.7858,1,0,
7.139628579,29.3890077,92.60706938,60.05908742,33571.8039,0,0,
8.232724117,25.5950382,98.0284845,52.48175257,41820.1617,0,0,
6.13563978,26.16216383,86.43148814,48.62627699,34631.29468,1,0,
7.97831753,23.87870995,99.0533213,64.62042461,29650.36314,1,0,
6.963078828,27.96876249,88.614627,62.162979,30798.15075,0,0,
5.993963475,30.88925299,36.33183598,62.03157086,33226.99557,0,0,
8.318706631,27.36034877,93.79336593,64.87614498,38577.77352,1,0,
7.794630038,30.313746,85.73765944,52.50182531,31120.04697,1,0,
8.139409784,25.13604169,91.99502637,54.29537237,32127.77254,0,0,
6.922064043,25.25433512,61.14820643,43.83141002,45953.86494,0,1,
7.756980174,29.18340719,94.73898793,64.76306723,28146.44457,0,0,
6.650458711,26.157203,78.57722552,50.65668407,39185.57215,1,0,
5.131012167,23.71161493,72.48538972,47.02605487,32285.28231,1,0,
8.709557032,23.01804797,56.82686349,59.69957628,49085.48921,0,0,
6.606048325,23.1395656,43.02513564,52.33729523,27181.80926,1,0,
6.227666496,27.44620954,53.73577319,42.42229039,29193.69458,1,0,
4.577814662,30.72597952,85.30420617,57.07603071,40702.25025,1,0,
5.138421952,28.13944918,39.32068243,46.8397222,33789.23197,1,0,
8.891702669,26.27078821,61.9944533,46.62160584,45608.23385,0,0,
6.147698514,28.71143825,66.53934808,47.16173243,46084.81402,1,0,
8.026276407,26.18459352,55.91001041,65.1543187,38435.67703,1,0,
4.550567472,29.96939777,43.0810389,54.05694277,36423.40778,1,0,
6.700173014,25.15609448,61.54985715,51.25804219,33390.92612,0,1,
5.322024914,30.21344541,57.92224968,60.79983348,31630.38325,0,0,
5.90290047,29.73879398,88.40352792,43.76753693,39463.69405,0,1,
4.23651954,28.03427599,65.00932136,51.83122236,40447.34837,0,0,
6.270804301,30.69630355,37.91196709,40.86556637,44632.54162,1,0,
5.972493113,24.58332189,37.47355373,55.95967954,25389.87206,1,0,
5.245963264,23.6161789,89.35679052,55.93105446,49627.78875,1,0,
8.531018305,29.85601988,51.86031984,50.23110097,36470.515,1,0,
6.785298262,26.72287817,72.8028616,65.56423288,42037.11935,0,0,
4.006419706,28.77745168,61.51026819,55.59689793,46476.20118,1,0,
5.594371517,24.49656236,51.27929324,45.31612456,27362.21483,1,0,
5.516692467,25.51986831,83.12562727,45.12413302,49487.72165,0,1,
4.842372382,30.06193075,65.38936782,46.43783699,26939.05299,0,0,
7.637953924,23.23779157,60.38620364,53.88948455,34640.55651,0,0,
4.583360747,26.76086597,44.22063541,67.88899021,46377.12828,0,0,
8.564775708,24.48390205,38.11555602,66.49453341,49045.2928,1,0,
4.462409699,23.0538492,62.6022557,55.1443669,46013.21583,0,0,
7.79600735,26.32535958,87.34840443,48.95164615,42021.51578,0,0,
4.246513217,27.21367632,77.1096713,41.69391348,27834.99734,1,0,
5.237176208,26.42095872,63.92787905,47.17672629,41583.10432,1,0,
6.412620433,24.29948602,41.54575152,53.7891225,47415.85911,1,0,
4.709481591,25.53400357,99.47290741,59.46430771,27396.66099,0,0,
6.522575961,25.77245194,95.13164798,50.76422646,45420.08437,0,1,
4.243372271,29.24567178,48.72885624,66.32673382,28064.64238,0,0,
8.875863517,30.52418441,79.26037246,45.47478666,48324.59301,1,0,
7.230370034,27.53306701,82.04764521,63.68114129,28767.23237,1,0,
5.43971527,30.65236517,45.66388085,51.85577266,36694.25786,1,0,
7.155809049,25.56436946,63.16002602,42.69613777,43335.39812,0,0,
7.074589204,28.71156576,84.28011648,52.72527598,41873.28695,0,0,
6.215311227,26.30885481,69.12984989,68.53882678,25198.81155,0,0,
6.672442698,30.22024148,46.10721705,50.78579995,44039.24858,1,0,
6.344285188,26.20648087,61.42202622,44.54856731,44720.85192,0,1,
8.340720943,23.91128582,60.97518102,56.67807644,46787.74166,0,0,
7.118527169,29.92216416,82.10551879,69.99826556,30623.07511,1,0,
7.815140387,24.690957,79.66736868,45.94964571,48091.18155,1,0,
5.126784043,23.65078499,52.96284725,51.47543783,36160.25017,1,0,
5.06692221,27.40489073,58.39533123,55.87438923,35856.43115,0,1,
7.009376541,30.72373715,37.07749517,67.70692068,27751.51466,1,0,
7.431662478,28.45171296,69.91975535,60.58288028,49408.15243,1,0,
7.01646165,30.63667366,39.3175502,64.31694132,49125.45682,0,0,
7.094388217,30.26377368,70.74986009,58.40772102,27389.99976,1,0,
4.485463212,26.14717453,41.44405566,53.75273998,48915.29489,0,0,
4.454450027,27.84146697,76.45172862,40.9335549,35199.42636,1,0,
8.154869632,28.22445452,41.56459375,41.22722773,39483.13841,0,0,
4.898824389,25.85511668,51.8004299,61.31938335,36101.4605,1,0,
7.795046454,27.63026848,60.54718473,47.73646395,38749.11669,0,0,
4.993427694,30.468167,41.25134725,58.34731785,44528.11939,1,0,
5.653500233,26.53274046,80.37104809,62.41474822,27882.6679,0,0,
5.331589075,27.4956816,66.90646904,59.64488902,42000.20954,1,0,
7.239433095,26.84966255,96.68492677,68.89763888,47258.34017,0,0,
7.806929295,30.02730725,56.63703375,54.04079437,36170.65728,0,0,
6.96467239,24.22765843,91.92794123,67.18686209,32504.1738,0,0,
7.003327321,23.50790118,81.90280453,69.84283288,30238.55683,1,0,
4.436244793,26.25362774,61.89013153,67.74642695,26999.06379,1,0,
8.419186569,26.7170109,45.08486375,57.5755696,26068.61256,1,0,
4.852493488,29.68024412,96.30370169,60.97016987,43039.05797,0,0,
6.326906278,30.89580428,47.14544258,58.37102863,34910.01518,1,0,
8.949835716,25.81728952,36.15197601,41.74306204,46656.44275,0,0,
5.344516859,23.73714063,89.38281018,41.36895458,27509.08396,0,0,
7.484135567,27.74372703,59.10759545,47.50025078,41229.00926,1,0,
8.417143046,29.63052098,68.02327732,47.40786804,33454.09188,1,0,
6.219905364,29.12379603,88.08886953,43.30929909,31961.78359,1,0,
7.801369816,29.68850682,99.86615609,45.53337222,36253.24422,1,0,
8.549704979,28.74247975,67.23383989,44.20196457,33568.03499,1,0,
7.17481301,29.05443096,42.66848573,62.21245919,44733.88691,1,0,
4.754307718,25.597163,61.57874368,47.41779625,39331.04876,1,0,
5.861650507,29.68358453,93.64572798,56.8236759,32575.16334,0,1,
6.438945661,26.48006559,44.349235,65.62327307,46641.16767,0,0,
7.495631145,26.85394421,79.00016614,44.21633024,45532.70145,1,0,
4.738824965,24.1139708,94.32220567,54.28424941,46703.41071,0,0,
8.868342937,23.72150882,72.67734916,40.92381901,49982.19969,0,0,
7.178628629,24.27779064,83.87401162,49.19823194,31095.25974,0,0,
5.953466628,28.63812556,46.34099108,43.80285733,43693.00869,1,0,
8.942036925,28.65632729,62.38510896,48.73432862,39891.39619,0,0,
7.683889854,25.01189363,98.50270627,59.49419532,45721.18974,0,0,
5.481124316,23.73347978,55.02108473,66.23786472,44694.71511,0,0,
6.58559989,28.97993074,89.72984231,56.07395621,38920.50297,1,0,
4.085399189,28.34040312,96.46200551,61.77673346,33987.36754,0,0,
5.055146437,24.83355894,99.6553292,51.60155645,46381.70647,0,1,
6.617186981,26.26206528,41.83649535,44.23226939,34122.06028,1,0,
7.112644392,26.71445447,54.82956368,62.45636288,29410.43395,0,0,
7.558833025,29.14778527,74.59213146,63.70012716,42188.17359,1,0,
4.758945855,24.45680411,54.58024264,55.6421208,45553.10578,0,0,
6.297441147,28.01600983,79.82532642,56.50183343,43642.82964,1,0,
7.113221641,23.66743239,76.05653094,68.23217944,27243.8867,1,0,
6.919051934,29.88856051,58.43824888,66.49698243,30605.51622,1,0,
6.780162595,25.96074777,66.59266036,57.62186424,34303.57318,1,0,
6.795909981,30.02799551,86.50098457,51.31935354,48758.71277,0,0,
6.705811655,25.54784089,88.55146846,47.86873745,39278.37484,1,0,
4.756059445,28.45863475,62.11640215,40.2140847,37952.50925,1,0,
7.343074959,25.64570956,42.29107244,50.27341514,43595.78563,1,0,
6.780420862,27.74594796,41.05459274,66.41022066,44852.50436,1,0,
8.19585628,23.29209448,45.23145761,49.41182699,44215.73545,0,0,
6.298882799,24.44015732,62.61851758,50.18499074,43329.25966,1,0,
5.382446291,25.61095927,86.32679744,45.69801228,27583.56017,0,0,
5.403972191,26.86680083,45.7206107,48.03820033,41484.48459,1,0,
7.033113775,25.70865145,60.81818693,45.51486796,30733.69333,0,0,
8.244027189,28.69814398,39.7405989,55.4461957,42540.61292,1,0,
8.092475286,27.04340197,75.88834344,57.07892367,48536.0107,0,0,
8.925268191,26.65281913,59.78396554,51.28077627,36529.62434,1,0,
7.682734189,26.54040961,78.09312999,40.5820591,36312.31946,1,0,
5.371821498,25.45066514,50.76028863,58.10948689,44729.37609,1,0,
6.582223946,23.99181031,59.31535711,59.86622891,35588.03754,1,0,
6.993038918,24.67004429,61.9703116,63.8153522,33334.32212,0,0,
8.836801895,29.62732977,95.83653573,50.36997139,27370.31318,0,0,
5.115035294,25.53524704,77.61111004,69.3444783,31863.72839,1,0,
6.458348669,26.52566911,51.15131648,45.30116758,42414.96178,0,1,
6.119816761,30.30851672,61.48061252,69.95806616,31532.11125,1,0,
6.825164561,25.99075099,72.38188321,63.50812713,39714.83715,1,0,
7.665819186,25.78700087,92.24923149,46.33410756,39918.76575,1,0,
4.028379819,26.62756485,59.60365251,58.77056801,49952.38939,0,0,
8.166580116,29.25092544,58.97611891,55.48547149,26233.07635,1,0,
5.013140289,23.95452357,85.25576155,54.97327906,43829.81425,0,1,
7.394317921,29.29038629,94.81995073,55.97434635,42717.74946,0,0,
5.679423839,30.36218399,85.50882504,58.15306611,47573.128,0,0,
4.603282042,23.2760185,81.34039901,61.45113873,43921.2235,1,0,
5.978571731,27.55776455,66.00268736,45.72338344,32360.07974,0,1,
8.320182497,23.36953031,61.10293802,50.86529214,46037.8144,1,0,
5.701710729,27.39998448,35.48280254,43.91374861,45939.17969,0,0,
5.413276353,27.64919676,47.22574807,59.19434152,36711.43806,0,1,
4.430433853,27.93505036,60.229745,62.44509025,30750.73579,1,0,
8.506800488,26.70105764,67.82785525,50.91788599,40503.00127,0,0,
7.047714889,29.99542364,80.23016665,50.63160226,48171.84905,0,0,
8.607647191,30.00091892,66.03072677,44.08792416,34131.44877,1,0,
6.188497284,24.78736586,57.57144794,59.34547056,33592.069,1,0,
5.994524027,25.43049203,64.39603105,40.90463214,39304.83063,1,0,
8.225427581,27.9489728,74.82077891,66.0484832,27082.4291,0,0,
6.422859513,26.75168111,75.12376288,42.27384467,25763.28505,0,0,
5.664430209,25.97445505,54.03859822,56.86447084,41120.02819,1,0,
4.158066988,29.8802851,48.15264863,42.89248606,49786.3678,1,0,
4.347851346,29.81784875,49.96433231,64.11210575,41258.36674,0,0,
4.712702232,24.42747936,48.24725479,62.11041212,47075.4723,1,0,
5.123888854,25.69259711,75.57825612,52.01795663,47047.61144,0,1,
7.934887011,29.64039335,99.23700448,47.28629681,34683.70882,0,0,
8.827201837,29.19071884,63.34148113,56.91116898,46343.58141,0,0,
4.689129941,27.37209761,76.38914313,48.19289268,29389.62994,0,0,
7.864232682,27.04514287,64.84991764,68.76500885,45538.85184,0,0,
4.267392596,26.60347043,58.80466536,67.83641189,39221.0895,1,0,
8.101776093,23.66956329,86.81668071,61.46326826,25418.25597,0,0,
7.214331735,30.27424481,57.56237581,43.00903756,44687.59472,1,0,
7.762511771,24.64447009,39.19201833,49.24505373,44725.36022,0,0,
4.100236832,23.2254812,97.33685462,40.79640921,35872.32719,1,0,
